{
  "id": "7e2582ff-3e0a-4f96-84a1-bc78e57df37d",
  "name": "media-type",
  "isOverridable": true,
  "entries": [
    {
      "value": "Movie",
      "synonyms": [
        "Movie",
        "Film"
      ]
    },
    {
      "value": "Series",
      "synonyms": [
        "Series",
        "Show",
        "TV",
        "TV Series",
        "TV Show"
      ]
    },
    {
      "value": "Artist",
      "synonyms": [
        "Artist"
      ]
    },
    {
      "value": "Album",
      "synonyms": [
        "Album"
      ]
    },
    {
      "value": "Song",
      "synonyms": [
        "Song"
      ]
    }
  ],
  "isEnum": false,
  "automatedExpansion": false
}