{
  "id": "e2845144-a6c4-446e-b7dc-fd0df696f963",
  "name": "media-title",
  "isOverridable": true,
  "entries": [
    {
      "value": "The Flash",
      "synonyms": [
        "The Flash"
      ]
    },
    {
      "value": "The Black Arrow",
      "synonyms": [
        "The Black Arrow"
      ]
    },
    {
      "value": "Sherlock",
      "synonyms": [
        "Sherlock"
      ]
    },
    {
      "value": "Futurama",
      "synonyms": [
        "Futurama"
      ]
    },
    {
      "value": "Arrow",
      "synonyms": [
        "Arrow"
      ]
    }
  ],
  "isEnum": true,
  "automatedExpansion": false
}